"id","value","fips","lat","lon","state","county","city","CMAQ","zcta","zcta_area","zcta_pop","imp_a500","imp_a1000","imp_a5000","imp_a10000","imp_a15000","county_area","county_pop","log_dist_to_prisec","log_pri_length_5000","log_pri_length_10000","log_pri_length_15000","log_pri_length_25000","log_prisec_length_500","log_prisec_length_1000","log_prisec_length_5000","log_prisec_length_10000","log_prisec_length_15000","log_prisec_length_25000","log_nei_2008_pm25_sum_10000","log_nei_2008_pm25_sum_15000","log_nei_2008_pm25_sum_25000","log_nei_2008_pm10_sum_10000","log_nei_2008_pm10_sum_15000","log_nei_2008_pm10_sum_25000","popdens_county","popdens_zcta","nohs","somehs","hs","somecollege","associate","bachelor","grad","pov","hs_orless","urc2013","urc2006","aod"
35025.0008,6.211214953,35025,32.726656,-103.122917,"New Mexico","Lea","Hobbs",5.869165056,88242,143281405,6141,0.101211073,0.181228374,3.34899868,4.631142653,2.597710204,11372460346,64727,8.025370508,8.517193191,9.210340372,9.61580548,10.1266311,6.214608098,7.60090246,10.71175204,11.82071418,12.2237472,12.91691312,0.215433908,0.372609282,3.900212848,0.215433908,0.842504552,4.083453026,5.691556447,42.85971372,8.6,8.1,30.8,21.7,14.4,14.2,2.2,6.6,47.5,5,5,15.41666667
39009.0003,10.742,39009,39.442165,-81.908827,"Ohio","Athens","Not in a city",7.971164931,45711,132383592,1115,0,0.172361592,0.209478673,0.289783334,0.330797549,1304313482,64757,6.344680656,8.517193191,9.210340372,9.61580548,10.1266311,6.214608098,8.793450199,10.56238195,11.69092919,12.34638943,13.58697227,0,0,3.760344392,0,0,3.765634679,49.6483406,8.42249393,4.8,11.5,47.3,20,3.1,9.8,3.5,14.4,63.6,5,5,33.36363636
42133.0008,13.40236686,42133,39.965278,-76.699444,"Pennsylvania","York","York",10.06611571,17403,52958231,39042,33.3650519,31.04022491,24.02216523,13.42528981,8.192214291,2341819225,434972,5.987618666,10.36215,10.77171738,11.05124315,11.53006387,7.427104332,9.169983127,11.93228108,12.77700513,13.38169523,14.14431763,4.656941061,5.298587899,8.735032841,5.219574715,5.795919844,8.805447031,185.7410663,737.2225103,10.8,18.8,47,9.8,4.9,7.1,1.7,38.1,76.6,3,3,49.55555556
4013.0019,10.49261745,4013,33.48385,-112.14257,"Arizona","Maricopa","Phoenix",12.21353043,85019,9712436,25042,42.69982699,47.86764706,46.96630799,42.57106226,36.46626833,23828260196,3817117,7.134575062,11.18722794,12.04158401,12.48767702,12.95395439,6.214608098,7.60090246,11.52403981,12.57109204,13.21370147,13.98698967,1.679262359,4.157284985,4.262179249,1.761445434,4.277644933,4.760137665,160.1928537,2578.343888,23.9,17.4,27.3,20.8,4.3,4.2,2,29.5,68.6,1,1,46.33333333
6099.0005,17.17716535,6099,37.641583,-120.994622,"California","Stanislaus","Modesto",8.64579683,95354,19012000,25394,43.40570934,38.40614187,40.67332549,22.33211998,12.17847182,3871582888,514453,5.899462193,8.517193191,9.210340372,9.61580548,10.12985787,7.25977212,8.786048114,10.96809479,11.78351424,12.16333935,12.97958441,4.786949032,5.015800755,5.589445538,5.064282008,5.403046403,6.020783277,132.8792421,1335.682727,28,15.8,27.4,19.1,3.3,4.5,1.8,29,71.2,3,3,60.9
19045.0019,12.15648415,19045,41.823283,-90.211982,"Iowa","Clinton","Clinton",8.476871228,52732,287014236,28293,0,0.403114187,10.54217978,4.960324813,2.87462654,1799821282,49116,7.393982266,8.517193191,9.210340372,9.61580548,12.14474762,6.214608098,7.60090246,11.10994206,12.00213105,12.3596452,13.32825033,6.599603917,6.607649838,6.619084478,7.022428553,7.028295832,7.048904641,27.28937617,98.57699184,4.3,8.1,38.2,22.7,11.4,11.2,4.1,10.1,50.6,5,5,48.55555556
18089.0022,12.51,18089,41.60668,-87.304729,"Indiana","Lake","Gary",16.90920694,46402,9847717,6726,38.3183391,36.75963262,24.96926404,16.7552162,17.17476401,1292303671,496005,2.72812855,10.9060232,11.67564977,12.09116746,12.7126901,8.65311623,9.530445711,11.56291358,12.48690079,13.11815992,13.92529086,8.116790378,9.422062181,9.580040612,8.204021336,9.708643644,9.851540263,383.8145872,683.0009433,6.1,12.9,41.4,25.6,5.2,6.1,2.8,40.6,60.4,2,2,26.28571429
6037.2005,12.84067797,6037,34.1326,-118.1272,"California","Los Angeles","Pasadena",9.689227582,91106,7643112,24229,33.22923875,29.66629834,31.6130374,30.96496172,30.83663653,10509869649,9818605,7.455630584,10.83858583,12.34952574,13.32376527,14.02434453,6.214608098,7.60090246,11.13555517,12.61415964,13.69547221,14.47559209,3.69579024,4.610465638,7.044026465,3.888254361,5.064606669,7.482617846,934.2270959,3170.043825,5.3,4.5,12.9,21.1,6.1,25.9,24.3,8.5,22.7,1,1,38.09090909
9001.3005,11.79459459,9001,41.1125,-73.407222,"Connecticut","Fairfield","Norwalk",7.666388153,6851,19762489,26703,42.37716263,43.01254325,22.81087048,12.24803481,9.626269565,1618456437,916829,6.322180271,10.91243275,11.67939518,12.08486912,12.86645079,6.214608098,9.302147007,11.79971929,12.84709264,13.34519143,14.14670711,2.968731962,3.140749453,6.639993793,2.983284959,3.154584056,6.752719342,566.4835822,1351.196198,0,0,100,0,0,0,0,8.2,100,3,3,35.22222222
51036.0002,10.51833333,51036,37.34438,-77.25925,"Virginia","Charles","Not in a city",9.46184914,23836,65582986,11444,0.030276817,0.638762511,9.810848504,5.453839034,5.504259597,1096334108,316236,6.648095589,9.947935692,11.32011165,12.16265504,12.9899518,6.214608098,8.639326512,11.37576074,12.70082703,13.4752488,14.34089205,6.386509303,7.144798313,7.316493543,6.711757862,7.743543556,7.863100741,288.4485648,174.4964769,6.4,17.9,38.8,21.8,3.9,7.1,4.1,10.6,63.1,2,2,46.5
28033.0002,11.62118644,28033,34.82166,-89.98783,"Mississippi","DeSoto","Hernando",11.81148541,38632,439567113,24377,20.71799308,16.28222318,4.126788339,1.802461785,1.859744643,1233210616,161252,4.603518585,10.12680894,11.10381548,11.52367641,12.05233102,7.801451366,8.693088894,11.09691959,11.99170722,12.57519156,13.69495917,2.077391528,2.077391528,5.134915756,2.096994822,2.096994822,5.138759801,130.7578753,55.45683305,3.5,7.1,29.4,28.2,8,15.8,7.9,6.5,40,2,2,42.83333333
20091.0007,9.38490566,20091,38.974457,-94.687013,"Kansas","Johnson","Overland Park",9.717684427,66212,19894176,32096,25.14705882,23.82720588,30.02111653,28.59619933,26.54004068,1226034453,544179,6.962099652,11.37741231,12.51746123,13.14040134,13.87437561,6.214608098,7.60090246,11.74244796,12.77795152,13.46476753,14.42719942,3.810649819,4.719819295,6.988076052,4.543706552,5.304264531,7.396577965,443.8529429,1613.336486,1.5,3.6,23.6,22.1,8.6,26.4,14.2,10.7,28.7,2,2,49
6071.8001,9.224137931,6071,34.264444,-116.864444,"California","San Bernardino","Big Bear City",7.074141258,92314,79825161,10162,17.23096886,11.18771626,6.038036692,2.869030056,1.62473598,51947229509,2035210,5.248220229,8.517193191,9.21580475,9.619451714,10.12882044,7.991691846,9.375957434,10.91872859,11.5784105,12.00315805,12.62848189,0.383741934,6.486368632,6.491135831,1.127965661,6.851498004,6.858316583,39.17841277,127.3032196,2.1,6.7,26.5,28.8,9.7,18,8.2,11.6,35.3,2,2,13
13319.0001,12.80348837,13319,32.881829,-83.333775,"Georgia","Wilkinson","Gordon",10.58292523,31031,345075555,6576,0.566608997,0.467344291,1.416705511,0.714079761,0.69414695,1158522024,9563,7.099992297,8.517193191,9.210340372,9.61580548,11.40420681,6.214608098,7.60090246,10.68605856,11.57968415,12.30794943,13.6011126,0,0.806475866,0.90032803,1.609437912,2.63905733,2.753371504,8.254482696,19.05669615,7.3,8.6,43.3,19.2,8.7,9.1,3.9,8.1,59.2,6,6,34.83333333
5001.0011,11.24970414,5001,34.518515,-91.55896,"Arkansas","Arkansas","Stuttgart",10.74727538,72160,870327339,10736,0.077854671,0.041738754,2.210376508,1.695919811,0.959554219,1678203880,8715,7.562634925,8.517193191,9.210340372,9.61580548,10.1266311,6.214608098,7.60090246,10.42083549,11.23094834,11.66600713,12.22026248,4.459412758,4.459412758,4.464942181,5.171147507,5.171147507,5.191864575,5.193051991,12.3355886,5.4,13.1,41.7,21.3,5.9,8.1,4.5,15.3,60.2,6,6,63.125
21227.0008,12.45088757,21227,37.035438,-86.250628,"Kentucky","Warren","Oakland",9.55878605,42159,73210472,1195,2.008650519,1.322880623,0.670883931,1.072125843,1.110784991,1402737981,113792,5.752732161,10.15793274,10.84684305,11.2823568,11.79882476,7.548028729,8.678164675,11.20130893,12.55714937,13.21945817,14.16234555,4.290173279,5.21394461,5.896508573,4.46909196,5.340920585,6.120863357,81.12135092,16.32280147,7.7,6,32.3,16.8,7.1,24.6,5.5,7.2,46,4,4,28.41666667
34001.0006,10.23092784,34001,39.464872,-74.448736,"New Jersey","Atlantic","Galloway (Township of)",8.857962119,8205,109829121,28626,0,0.205017301,2.753358499,5.671781884,6.420838482,1439267859,274549,7.396768176,8.517193191,9.210340372,9.622712858,10.17054919,6.214608098,7.60090246,10.10299758,12.08683329,12.57150878,13.19455886,2.256290693,3.195499898,5.118378279,2.499426615,3.674255034,5.303843932,190.7560141,260.6412556,4.1,6.4,34.1,20.9,7.2,19.5,7.7,4.5,44.6,3,3,92.5
13121.0048,14.25798319,13121,33.77933,-84.39576,"Georgia","Fulton","Atlanta",10.52544688,30313,2880070,9495,49.93598616,53.67599175,38.05352385,24.38457313,23.38877177,1363977166,920581,3.956819013,11.68028415,12.59245285,13.37102895,13.9727665,9.359464716,10.28808669,12.60444788,13.63767822,14.30548312,15.08408318,5.445597639,6.11583415,6.542123691,6.208464238,6.626085646,6.945776591,674.9240551,3296.79487,0,0,0,7.2,0,82.6,10.1,8.75,0,1,1,45.66666667
12005.1004,9.909322034,12005,30.144167,-85.614444,"Florida","Bay","Panama City",8.909907716,32404,333647041,38425,17.16868512,15.01686851,11.10650455,8.340405981,6.184587231,1964400618,168852,6.828549041,8.517193191,9.210340372,9.61580548,10.1266311,6.214608098,8.364182785,11.9747297,12.75062385,13.05837088,13.57050904,6.618560591,6.636164977,7.015686616,6.778211214,6.802977688,7.317914103,85.95599006,115.1666141,8.3,11.2,29.6,25.9,9.7,9.4,5.9,14.5,49.1,4,4,29.75
22033.0009,11.38439153,22033,30.46198,-91.17922,"Louisiana","East Baton Rouge","Baton Rouge",14.00675104,70802,19933632,27267,47.90311419,44.06509906,29.47666219,18.87431241,15.49306971,1179412087,440171,6.181626089,9.98335033,10.90264689,11.35948786,11.95518492,7.14096009,9.352307936,12.02444225,13.13342482,13.68512954,14.48887031,7.773418078,8.089046513,8.61703868,7.810005057,8.125121542,8.729321585,373.2122172,1367.889204,100,0,0,0,0,0,0,15,100,3,3,42.11111111
41033.0114,10.1862069,41033,42.434139,-123.348466,"Oregon","Josephine","Grants Pass",3.255775812,97526,364950829,34205,0.226643599,0.236807958,8.974135799,5.480137582,3.540338633,4246719858,82713,7.563284694,10.2312738,11.09741701,11.53816733,12.19315129,6.214608098,7.60090246,11.20944208,12.0044933,12.44209875,13.01142644,2.640758504,2.653386571,2.653449831,2.679813584,2.769663856,2.770096979,19.4769146,93.72495493,3.1,9.6,31.3,27.3,11.7,11.1,5.8,10.4,44,4,5,37
32003.1019,4.521621622,32003,35.785671,-115.357048,"Nevada","Clark","Jean",8.390542115,89179,308602532,2340,0,0.064878893,0.285061362,0.474898115,0.366503726,20438710673,1951269,8.116773586,9.609929449,10.70528895,11.16412324,11.80331695,6.214608098,7.60090246,10.1517371,11.11211121,11.49778837,12.38057321,1.661804612,1.661804612,3.29956883,2.151145234,2.151145234,4.345109584,95.46928039,7.582569024,0,21.3,32,42.2,4.4,0,0,5.15,53.3,1,1,15.41666667
48113.005,11.4877193,48113,32.774262,-96.797686,"Texas","Dallas","Dallas",12.5124753,75201,3741301,9409,60.3650519,60.76989619,43.07342937,31.0509573,29.26313297,2256602704,2368139,5.425112417,12.01349819,12.6463475,13.10317163,13.89057396,8.610477225,9.546120334,12.48251218,13.38255892,14.15808268,14.76013106,5.385174166,5.733357474,6.253136433,5.410691695,5.827087806,6.462698201,1049.426643,2514.900565,10.275,12.825,30.05,25.3,7.775,9.55,4.25,5.475,53.15,1,1,66.5
39099.0014,13.13529412,39099,41.095938,-80.658516,"Ohio","Mahoning","Youngstown",8.40905102,44503,1164199,1021,42.77941176,40.37781142,25.80482224,17.26042273,11.94611809,1066098928,238823,5.207157614,10.64183757,11.73180281,12.4694258,13.13328156,8.543610857,9.726838892,12.00505912,13.05898266,13.64180218,14.53999591,5.025593921,6.101849438,7.071476549,5.163845047,6.303530939,7.426727316,224.015796,876.9978328,12.1,16,34.3,18.5,8.4,7.4,3.3,0,62.4,3,3,47.7
40015.9008,9.680373832,40015,35.111944,-98.252778,"Oklahoma","Caddo","Anadarko",6.637223525,73042,275681463,1073,0.023356401,0.026384083,0.271085101,1.015203818,0.536666818,3310753325,29600,7.149582285,8.517193191,9.210340372,9.61580548,10.1266311,6.214608098,7.60090246,10.10488301,11.57767464,12.21501613,12.90402982,4.725592011,4.725592011,4.749429207,4.726565561,4.726565561,4.750441928,8.940563399,3.892173193,5.8,12.9,41.6,22.5,2.7,11.1,3.4,22.3,60.3,6,6,19.2
9003.1003,9.564431487,9003,41.784722,-72.631667,"Connecticut","Hartford","East Hartford",6.659058967,6108,21005202,24307,20.31487889,22.65527682,27.29803239,24.4398293,17.6512065,1903891914,894014,5.536916729,11.55870071,12.34349113,12.68117569,13.1356219,7.723075694,8.940596805,12.09332572,13.20255147,13.80731924,14.65194336,3.914033936,3.927336003,4.234481217,4.126883661,4.139382004,4.52368999,469.5718247,1157.189538,9.8,12.9,34.5,20.8,7.7,10.4,4,18.5,57.2,1,1,41.77777778
11001.0043,11.68633721,11001,38.921847,-77.013178,"District Of Columbia","District of Columbia","Washington",10.37936426,20010,2807752,30138,35.00086505,36.53254832,41.51082169,29.0319667,26.25375773,158114680,601723,6.645995372,9.996570632,11.9410834,13.15781741,13.80315039,6.214608098,8.424778065,11.5481608,13.44000801,14.40705805,15.18962766,4.382721381,5.016168041,5.179190908,4.441679938,5.110984232,5.368840685,3805.611218,10733.85399,6.8,9.3,17.9,11.2,3.7,25.3,25.8,13,34,1,1,61.16666667
21101.0014,11.74848485,21101,37.8712,-87.46375,"Kentucky","Henderson","Not in a city",10.35339888,42420,488134901,38192,0.212802768,0.299524221,0.435406172,1.912250072,4.790373245,1130968068,46250,7.697552426,8.517193191,10.154979,11.33081958,12.03613873,6.214608098,7.60090246,9.553481755,11.50475657,12.91220767,13.89105012,8.386250385,8.776274854,8.893894088,8.852442154,9.185212365,9.300865756,40.89416961,78.24066651,2.6,14.9,43.3,16.8,9,7.6,5.8,17.3,60.8,3,3,43.44444444
6011.1002,11.93728814,6011,39.202935,-122.017728,"California","Colusa","Colusa",5.134311455,95932,321650643,7718,22.57785467,18.1092128,3.500893865,1.340585202,1.119125452,2980379369,21419,4.122951585,8.517193191,9.210340372,10.7350106,11.76667604,7.885247558,8.825169465,10.48538255,11.19368562,11.88196484,12.60610303,2.90808245,3.932691517,4.439855316,4.055547294,4.72527403,5.419372502,7.186668993,23.99497768,11.3,8.6,26.8,29.9,10.2,9.7,3.5,8.6,46.7,6,6,58.63636364
50007.0012,7.759574468,50007,44.480278,-73.214444,"Vermont","Chittenden","Burlington",5.117598709,5401,15341366,28185,55.16782007,47.03352076,16.03710092,9.448317046,5.065229063,1389731195,156545,5.75580277,10.83130325,11.510515,11.89659695,12.66702537,7.792083038,9.186338187,11.65150919,12.56617115,12.96037019,13.67187109,3.841171059,3.841754695,3.841857004,3.957857514,3.961845766,3.962543492,112.6440858,1837.189726,4,6.1,18.9,17.2,6.4,29.1,18.4,15.5,29,4,4,36.8
24005.1007,11.7097561,24005,39.462029,-76.631673,"Maryland","Baltimore","Cockeysville",9.634451847,21030,61585318,24355,12.40743945,17.34104671,11.07091506,6.190538205,7.151430445,1549594703,805029,6.640054322,10.30785784,11.50957136,12.08954931,13.15762871,6.214608098,8.746785153,11.29165164,12.61252222,13.48656916,14.64135813,1.876112364,1.943317165,5.121159995,2.57629685,2.616515325,5.739885741,519.5093907,395.467634,1.8,2.5,18,16.8,6.1,29,25.8,1.5,22.3,2,2,44
54051.1002,13.09196676,54051,39.915961,-80.733858,"West Virginia","Marshall","Moundsville",7.45861192,26041,158952007,16183,19.60380623,16.03226519,5.287694073,2.51147551,1.90478772,791062651,33107,6.052883749,8.517193191,9.210340372,9.61580548,11.67562679,7.641165982,9.015238001,11.16420505,12.15410118,12.87409104,13.84509044,7.604428153,8.546724512,8.649879572,7.679728709,8.641952915,8.779484631,41.85129959,101.810605,4.5,9.4,45.5,21.4,7.2,8.9,3.1,11.1,59.4,4,4,34.09090909
10003.1007,11.48425926,10003,39.5513,-75.732,"Delaware","New Castle","Not in a city",9.75057813,19701,68921004,39194,1.71366782,5.880190311,6.610519265,7.77507748,8.185665746,1104074798,538479,6.5295421,8.517193191,10.67778494,11.5080426,12.50462964,6.214608098,9.226355426,11.8265704,13.18785765,13.93650472,14.66419417,6.163505035,6.281171646,6.675887099,6.169852302,6.301066753,6.738172785,487.7196735,568.68005,1.6,5,30,20.4,8,22.4,12.7,3.5,36.6,2,2,52
17163.001,12.17272727,17163,38.612034,-90.160477,"Illinois","Saint Clair","East Saint Louis",12.08051091,62207,17255095,8750,23.26470588,31.3966263,36.46873641,27.42403905,24.33694808,1703588508,270056,6.548314163,11.49002763,12.53287436,12.98726886,13.69891761,6.214608098,8.70461742,11.8312978,13.09555812,13.65113184,14.49300531,6.745484788,6.950583245,7.006329077,7.357546295,7.523537746,7.582920676,158.5218489,507.0965996,2.2,11.7,18.8,16.7,14.1,11.8,24.8,0,32.7,1,1,73.83333333
37135.0007,12.14,37135,35.901944,-79.056667,"North Carolina","Orange","Chapel Hill",8.252057127,27517,119052760,23346,6.716262976,5.765570934,8.096973891,5.038739667,4.158639406,1030705790,133801,5.292167912,8.517193191,10.64908709,11.12094889,12.81021923,9.024911553,9.819695314,11.60411254,12.34290265,12.83513293,13.95059204,2.003277022,2.003404234,3.75216115,2.251068,2.25183154,4.381249285,129.81493,196.0979317,6.9,4.8,12.6,14.8,3.2,27.9,29.8,13.6,24.3,3,3,41.91666667
31157.0003,6.783809524,31157,41.865,-103.664444,"Nebraska","Scotts Bluff","Scottsbluff",3.899386297,69361,296157543,17999,0.643044619,0.41815772,6.948110584,4.052993265,2.301320487,1915039277,36970,7.923346708,8.517193191,9.210340372,9.61580548,10.30026861,6.214608098,7.60090246,10.59816625,12.11714821,12.56397769,13.21650367,3.326341691,3.326341691,3.358309785,5.141261662,5.141261662,5.146733843,19.30508708,60.77508551,4.3,11.8,30.4,22.8,9.6,15.3,5.8,12.3,46.5,5,5,27.77777778
51087.0015,10.45847458,51087,37.67132,-77.5664,"Virginia","Henrico","Not in a city",7.583241014,23060,39294586,33417,15.44896194,12.40354671,14.59928124,11.34917174,9.261643099,605271846,306935,3.227255506,10.4528116,11.50085705,12.43194389,12.88676936,7.819284468,9.001580075,11.65996566,12.96996555,13.68385189,14.41227927,2.808520483,4.598572812,6.142599708,3.438150617,4.896472839,6.440893111,507.1027209,850.4224984,2.3,4.3,13,16.2,6,37,21.2,3.2,19.6,2,2,41.58333333
41025.0002,11.71666667,41025,43.586389,-119.051111,"Oregon","Harney","Burns",1.776024385,97738,189589231,1941,2.389273356,4.721020761,1.722103697,0.768486072,0.45999303,26244789736,7422,6.540152606,8.517193191,9.210340372,9.61580548,10.1266311,6.214608098,8.584509542,10.77465834,11.86645834,12.33108441,12.80735923,1.068864169,1.080685855,1.080732846,1.5518088,1.60670169,1.606915281,0.282798989,10.23792327,0.6,3.5,36,35.1,5.1,12.1,7.5,26.1,40.1,6,6,24.33333333
10005.1002,12.24827586,10005,38.6539,-75.6106,"Delaware","Sussex","Seaford",9.009156591,19973,203730949,23838,2.063148789,1.485077855,4.619098919,3.049119625,2.086294812,2424432871,197145,7.917962909,8.517193191,9.258821425,9.648385915,10.16236677,6.214608098,7.60090246,11.19551254,12.54066782,13.23066869,14.20375721,5.484770846,5.563516889,5.672890513,5.588090566,5.717217963,5.844529864,81.31592438,117.0072594,6.7,10.8,42.8,16.6,7.8,8.6,6.8,14.3,60.3,3,5,53.5
55003.001,6.38220339,55003,46.602,-90.656,"Wisconsin","Ashland","Not in a city",3.420062617,54861,12326458,150,0,0.367953839,0.290908927,0.129970497,0.140827455,2706628242,16157,7.159430994,8.517193191,9.210340372,9.61580548,10.1266311,6.214608098,7.60090246,9.575317611,10.29029419,10.77822002,12.38327926,0,9.29e-05,3.63367889,0,2e-04,5.751737379,5.969419719,12.16894586,0,1.4,30.1,35.6,32.9,0,0,57.7,31.5,6,6,112
5139.0006,10.9952381,5139,33.220274,-92.669619,"Arkansas","Union","El Dorado",7.703593923,71730,1183678699,32213,0.565743945,1.230752595,2.811763846,6.016925595,4.134226405,2691552718,41639,8.443518959,8.517193191,10.55369542,10.79074841,10.97796718,6.214608098,7.60090246,9.633897621,12.04639189,12.53445676,13.07873635,5.650440719,5.71501169,5.825031976,5.969451823,6.016964432,6.127516898,15.47025244,27.2143108,6.5,13.2,33.3,20.7,8.1,12.6,5.6,22,53,5,5,35.41666667
55133.0027,13.5464,55133,43.020075,-88.21507,"Wisconsin","Waukesha","Waukesha",8.759594224,53186,32557513,33592,36.35294118,34.58650519,25.08783328,16.01545722,14.50177225,1423388982,389891,4.394461427,10.27199811,11.2124212,12.17589818,13.14080049,8.276997103,9.65357372,11.66328644,12.62850129,13.28035832,14.33197441,3.562707181,3.811794671,5.444018358,4.296595399,4.714434224,6.385616064,273.9173936,1031.774141,3.1,6.4,25.4,23.8,9.1,21.8,10.5,8.2,34.9,2,2,43.375
19155.0009,10.2773913,19155,41.264171,-95.896124,"Iowa","Pottawattamie","Council Bluffs",7.267698066,51510,4841212,3785,12.54930796,20.23313149,33.60171759,22.30026336,17.07847549,2461213949,93158,5.789315151,10.83719278,11.99510482,12.58197305,13.14398426,7.576518564,8.642548221,11.46974042,12.71383876,13.23146905,13.81055021,6.288727476,7.318697281,7.346588731,6.564695761,7.702005122,7.736830604,37.85042744,781.8290131,4.2,6.7,38.6,30.1,11.8,6.5,2.1,9.8,49.5,3,3,38.6
20091.001,8.454954955,20091,38.838575,-94.746424,"Kansas","Johnson","Not in a city",8.027682198,66062,123721575,74411,3.721453287,2.486591696,10.44538169,16.43454354,14.56687457,1226034453,544179,8.605276306,8.517193191,11.92843384,12.74039987,13.34376703,6.214608098,7.60090246,8.517193191,12.17676238,13.01633515,13.77692598,0.60486186,4.170733856,4.797530318,1.524886115,4.294924321,5.24665007,443.8529429,601.4391589,1.1,2.1,15.4,23,8.1,33.8,16.5,2.7,18.6,2,2,49.66666667
12105.6006,8.104137931,12105,28.028889,-81.972222,"Florida","Polk","Lakeland",9.891444854,33815,19222946,14267,16.2949827,20.43793253,19.91290905,13.19553011,9.348663336,4656375819,602095,7.26363429,9.89443126,11.24407392,11.73552098,12.31899479,6.214608098,7.60090246,12.15295865,13.09948583,13.60759283,14.20645541,5.616419011,5.89883689,6.636833519,6.408448106,6.580627673,7.163756466,129.3054993,742.1859272,13.8,17.1,42.7,15.3,4.8,4.8,1.4,23.4,73.6,3,3,18.625
22079.0002,9.047413793,22079,31.177638,-92.410611,"Louisiana","Rapides","Alexandria",10.91341803,71302,170509700,15049,0,0.033269962,1.247307445,2.342601006,3.903278962,3413506392,131613,7.666953469,8.517193191,10.86154471,11.27926908,11.8877903,6.214608098,7.60090246,11.36923046,12.48869159,13.37132734,14.14198539,2.459890431,5.4687295,6.219822691,2.487026806,5.843198186,6.464186479,38.55654125,88.25890844,5.8,15.7,33.4,27,7.1,7.7,3.4,23.6,54.9,4,4,35.63636364
19163.0018,11.24918033,19163,41.550005,-90.600115,"Iowa","Scott","Davenport",8.892742611,52804,87535930,27379,30.9100346,32.76025524,23.64928181,17.64031351,13.03098243,1186444226,165224,7.792011951,8.80265477,11.69456516,12.18324254,12.65381711,6.214608098,7.60090246,11.12649548,12.69886635,13.23241212,13.87353295,4.634781553,6.439393391,6.810994844,5.071284616,6.763481024,7.210568012,139.2598121,312.774423,6,23.4,35.3,19.9,4.6,10.7,0,44.4,64.7,3,3,42
16059.0004,9.720689655,16059,45.181897,-113.890285,"Idaho","Lemhi","Not in a city",1.629837914,83467,1961914237,6270,17.81747405,19.03949772,3.833937845,1.502477515,0.781171939,11819118494,7936,5.851134655,8.517193191,9.210340372,9.61580548,10.1266311,7.434724022,8.604901443,10.60448503,11.32601929,11.768369,12.42903918,0.218495146,0.218495146,0.219159678,1.057264055,1.057264055,1.059471879,0.671454475,3.195858352,11.5,0,5.4,33.8,17.6,24.5,7.2,12.5,16.9,6,6,23.5
39153.0017,13.67368421,39153,41.063526,-81.468956,"Ohio","Summit","Akron",10.89642243,44305,16957399,22294,31.90484429,34.11267301,33.3401581,22.40501914,17.39601995,1069012672,541781,6.772406775,10.44352997,11.65525726,12.08741996,13.11696142,6.214608098,8.403417155,11.86011173,12.90811315,13.45363643,14.35577411,4.920302336,5.081051716,5.206019271,5.07403355,5.234562401,5.538036895,506.8050307,1314.706341,3.5,10.4,41.2,22.4,7.9,11.5,3,13.9,55.1,3,3,41.66666667
21029.0006,12.8231405,21029,37.98629,-85.71192,"Kentucky","Bullitt","Shepherdsville",10.22024401,40165,374053624,32726,5.425605536,4.511245675,4.908691599,3.920481891,4.660856973,769288200,74319,7.354228813,10.48657641,11.33123369,11.98043419,12.86921512,6.214608098,7.60090246,11.54373609,12.72185754,13.42391233,14.43583378,5.028179235,5.226929444,7.447968219,5.265702482,5.764172725,7.632997859,96.60748728,87.49012949,5.9,12.2,41.5,21,7.3,8.1,4,8.7,59.6,2,2,32.83333333
38017.1004,8.327826087,38017,46.933754,-96.85535,"North Dakota","Cass","Not in a city",4.83377825,58102,80929583,29850,0.323529412,5.347318339,9.382569725,12.13475045,8.973794531,4571166077,149778,6.343578383,10.71224428,11.65573951,12.12508958,12.63919116,6.214608098,9.01554579,11.17966485,12.39231461,12.84675884,13.30079503,5.994674963,6.014952199,6.015906665,6.428301982,6.448820516,6.451588528,32.76581893,368.8391673,2.5,3.6,21.8,23.9,9.1,26.2,13,7.9,27.9,4,4,27.28571429
33019.0003,8.546666667,33019,43.364444,-72.338333,"New Hampshire","Sullivan","Claremont",4.068964872,3743,158428482,14103,0.015570934,0.150086505,5.050445619,2.135555669,2.022895864,1391635377,43742,7.889586679,8.517193191,10.5341394,11.12934234,11.90683333,6.214608098,7.60090246,10.97350743,12.29189872,12.93371031,13.74188761,2.433704479,2.435659316,2.44187634,2.757517046,2.768346514,2.802164027,31.43208395,89.01808451,4.2,7.3,46.3,20.7,7.6,10,3.9,12.6,57.8,5,5,28.625
56037.0007,6.714285714,56037,41.591613,-109.220722,"Wyoming","Sweetwater","Rock Springs",3.892566749,82901,3596245359,27971,0,1.442002176,5.00334401,3.498270372,1.933022166,27004896786,43806,6.87680095,10.13169757,11.0473847,11.41192073,11.91556894,6.214608098,7.890250743,10.8111663,11.65943094,12.03898014,12.5787664,4.980412786,4.980526453,5.003089141,5.438093114,5.438173917,5.452993541,1.622150247,7.77783416,0,10.6,42.3,19.7,7.7,19.7,0,34.9,52.9,5,5,14.57142857
24510.0006,12.20416667,24510,39.340556,-76.582222,"Maryland","Baltimore (City)","Baltimore",10.94098514,21251,461424,934,23.8633218,24.40060962,30.29091219,30.9730704,24.00092668,209643241,620961,6.290041444,10.30081412,12.46165969,13.13466602,13.68658013,6.214608098,9.451705754,12.08662713,13.60081135,14.25590116,14.87934065,5.054358924,5.830902367,8.325895358,5.672080386,6.365952312,8.639568507,2961.989125,2024.16866,0,0,0,0,71.4,0,28.6,3.525,0,1,1,53.5
33005.0007,11.42139034,33005,42.930472,-72.272389,"New Hampshire","Cheshire","Keene",4.587176552,3431,154023267,25280,6.66349481,10.93858131,9.144667259,3.148136322,1.776603966,1830241632,77117,6.096437148,8.517193191,9.210340372,9.61580548,11.49855327,7.238706793,8.780206633,11.35072646,12.16352205,12.64340399,13.77115335,0.566957263,0.567465651,2.182515407,1.709155842,1.710403342,2.852642715,42.1348737,164.1310465,3.4,6.3,30,19,6.5,22.1,12.6,6.5,39.7,5,5,25.66666667
51013.002,12.02796209,51013,38.8577,-77.05922,"Virginia","Arlington","Arlington",10.37936426,22202,10024542,22543,28.38754325,36.22769089,28.17297092,28.83700412,24.8513249,67273573,207627,6.232505026,11.30254973,12.52035449,13.05339814,13.75034581,6.214608098,8.828754165,12.21309913,13.52595186,14.25525673,15.23124114,4.903502826,5.026372778,5.417398848,4.998331287,5.124375655,5.562885512,3086.308497,2248.781042,1.6,2.5,6.8,6.8,3.8,34.7,43.8,1.8,10.9,1,2,59.5
39035.0034,10.82982456,39035,41.55523,-81.575256,"Ohio","Cuyahoga","Cleveland",8.800426056,44110,10910516,20136,40.45155709,47.37283737,25.94699895,21.49854157,18.82156471,1184118946,1280122,7.112381194,10.92521212,11.59428356,12.36320056,13.04181156,6.214608098,7.60090246,11.57717965,12.68864228,13.5816469,14.34434347,5.558822289,7.067470556,8.513496637,6.009898281,7.244915082,8.604309716,1081.075516,1845.558908,5.5,14.9,38.8,27.5,6.6,3.8,3,28.4,59.2,1,1,40.33333333
18035.0006,11.62389381,18035,40.201141,-85.387999,"Indiana","Delaware","Muncie",10.07465088,47305,3457747,4106,26.04909091,31.59648332,21.84519332,7.67039137,3.901879335,1015596276,117671,6.873697044,8.822479796,9.374588702,10.09552601,11.53845978,6.214608098,7.898873601,11.22983661,12.22688784,12.7090905,13.60997174,4.105059676,4.105096745,5.476947237,4.377577281,4.377794388,5.582800927,115.8639538,1187.478436,5.4,28.8,26.7,22.1,3.9,7,6.1,30.3,60.9,4,4,45.63636364
42125.0005,13.08154762,42125,40.146667,-79.902222,"Pennsylvania","Washington","Charleroi",9.354116849,15022,46772529,10340,27.49567474,20.129109,10.30520346,6.410575383,4.974314239,2219591093,207820,4.865980323,9.834988695,10.66624602,11.44858352,12.03866452,7.960306045,8.922986242,11.46552148,12.71109308,13.27264568,13.91457662,5.875059319,6.307407298,7.429709262,6.283328733,6.753072581,7.697360268,93.62985852,221.0699362,6.3,8,42.8,15.8,11.1,11.4,4.5,12.8,57.1,2,2,37.5
17019.0004,10.48793103,17019,40.123796,-88.229531,"Illinois","Champaign","Champaign",9.847546006,61820,16927476,36964,27.07871972,34.39467993,27.73157949,11.60978917,6.410083352,2580316235,201081,6.537994836,10.33302171,11.54740513,11.98627804,12.5036177,6.214608098,8.473831207,11.57943194,12.54766213,12.93223018,13.54256588,3.529295654,3.664229181,4.051929792,4.147557065,4.537125918,4.922243751,77.92882022,2183.668729,2.3,6.3,19,15.8,5.4,23.8,27.4,20.7,27.6,4,4,38.7
26091.0007,9.9275,26091,41.995568,-83.946559,"Michigan","Lenawee","Tecumseh",9.313380663,49286,154500365,14797,1.21799308,0.785250865,5.332389694,2.255445787,2.743825767,1941337767,99892,7.824612122,8.517193191,9.210340372,9.61580548,10.1266311,6.214608098,7.60090246,10.11402304,11.26035394,12.13213314,13.07776897,0.567606129,2.129046476,5.479982656,0.809752353,2.808346305,6.207283724,51.45523963,95.77323652,1.6,5.6,29.4,26.4,10.4,18.2,8.4,3.5,36.6,5,5,43.77777778
40101.0169,11.55565217,40101,35.755273,-95.377669,"Oklahoma","Muskogee","Muskogee",8.118359672,74401,313459418,17476,12.2932526,16.08276177,12.49803802,6.31374335,3.320598712,2099056912,70990,5.823957132,8.517193191,11.02125582,11.34480313,11.72831271,8.465154843,9.487232056,11.76076352,12.72740216,13.01927027,13.53716047,6.812929047,6.813056372,6.813213123,7.232565783,7.233209378,7.23400126,33.81995009,55.75203359,5.1,14.5,33.1,23.6,6.7,11.7,5.3,23.7,52.7,5,5,40.41666667
18089.0027,11.63364486,18089,41.546593,-87.426481,"Indiana","Lake","Griffith",16.90920694,46319,24015234,18404,27.12629758,29.3557526,23.71922295,28.91511955,26.02679014,1292303671,496005,6.984341469,10.27200869,11.5406888,12.18580071,12.79612411,6.214608098,7.60090246,10.83750501,12.61389691,13.33839025,14.0305138,6.089616172,9.205463702,9.349089967,6.153256246,9.416859678,9.558085136,383.8145872,766.3468946,2.4,8,38.6,27.2,6.2,12.2,5.4,6.1,49,2,2,67
42043.0401,13.20489914,42043,40.246992,-76.846988,"Pennsylvania","Dauphin","Not in a city",8.813175581,17104,6952677,20962,34.75605536,31.31033737,29.87967519,19.68240189,14.48549333,1359864507,268100,5.597319673,10.78410532,11.79698728,12.2539434,12.71914749,7.736725117,8.699495439,11.63711665,12.90510473,13.57004183,14.37396594,4.536100367,4.567108608,8.668629224,4.776153222,4.805355549,8.702036674,197.1519946,3014.953808,7.4,17.2,41.2,14.9,6,7.9,5.3,35,65.8,3,3,50
1073.5003,11.775,1073,33.801667,-86.9425,"Alabama","Jefferson","Not in a city",8.816101285,35180,230081840,13794,0.416089965,0.314878893,0.505267766,0.554364073,0.948113549,2878192209,658466,8.734820584,8.517193191,10.20582257,11.3807905,11.85792901,6.214608098,7.60090246,8.517193191,10.42076998,12.44772206,13.34257868,0,4.008887068,6.425888035,0,4.016695044,6.96158011,228.7776327,59.95258035,9.7,21.6,39.3,21.6,5.2,2.2,0.4,13.3,70.6,2,2,42.63636364
30063.0031,8.508496732,30063,46.874912,-113.995253,"Montana","Missoula","Missoula",2.443071798,59801,17620495,30940,33.10034602,36.11397059,20.39804867,8.414439363,4.742089234,6716936093,109299,5.432793633,10.77627021,11.58744026,12.01814169,12.47437404,8.341955108,9.75432017,11.72801537,12.33854413,12.72329474,13.2062888,4.743041977,4.755065792,5.463094474,5.224580714,5.238019749,5.878422823,16.27215124,1755.909808,1.7,4.8,23.8,24.6,6.8,24.4,13.9,12.6,30.3,4,4,30.5
51165.0003,11.4981982,51165,38.47753,-78.81952,"Virginia","Rockingham","Not in a city",6.754194038,22802,234379912,26293,13.98356401,8.523572664,3.579772321,4.970636239,3.78741096,2199121564,76314,4.996662804,10.13205449,10.83887019,11.24547331,11.86623554,8.213868111,9.167589,11.87026592,13.30693795,14.22755732,15.01697397,3.515376495,3.580545308,4.021621037,4.269053107,4.44621526,4.697629585,34.70203796,112.1811156,11.1,12.1,29,16.5,4.4,15.7,11.2,11.3,52.2,4,4,34.75
19153.251,9.542372881,19153,41.603517,-93.7479,"Iowa","Polk","Clive",6.429376605,50266,42782812,23625,51.24221453,39.86656574,28.1808089,18.64279106,13.97044382,1486121332,430640,6.600446781,10.82712894,11.7586158,12.13250919,12.58158477,6.214608098,8.440825872,11.44921387,12.37089373,13.07789067,13.85091448,3.017780035,4.590676862,5.39529069,3.181196619,5.033770575,5.68323602,289.7744556,552.2077417,1.6,2.9,21.5,22.3,9.8,30.9,11.1,2.7,26,3,3,28.33333333
9001.9003,10.19226361,9001,41.118333,-73.336667,"Connecticut","Fairfield","Westport",7.666388153,6880,52109815,26647,15.0017301,15.43014706,12.64334607,11.25792497,9.131830349,1618456437,916829,4.978308546,10.61078619,11.66131749,12.10945773,12.8463922,8.026847913,8.993584566,11.51081983,12.62247659,13.30756239,14.10025553,2.968731962,5.215400846,6.646956407,2.983284959,5.329037425,6.760361556,566.4835822,511.3623988,1.1,1.5,8.5,10.8,3.9,38.5,35.7,2.6,11.1,3,3,29.81818182
18003.0004,11.69906542,18003,41.094965,-85.101816,"Indiana","Allen","Fort Wayne",10.38323073,46805,16696709,21306,28.9783737,30.15030277,29.25461265,21.55928571,13.05479591,1702419942,355329,6.621890883,8.517193191,11.77540612,12.3612041,12.77377984,6.214608098,9.240293898,11.48509309,12.75581967,13.33518047,13.98748613,4.60852546,5.143417615,5.564898461,4.9111014,5.399131255,5.816047283,208.719947,1276.059851,4.3,6.7,31.7,27.2,8.2,15,6.8,13.5,42.7,3,3,54.11111111
48037.0004,11.16721311,48037,33.425758,-94.070802,"Texas","Bowie","Texarkana",8.901955332,75501,246569347,36298,29.89186851,37.81261426,28.36576935,13.21582337,7.199098008,2292153748,92565,6.10981833,10.40915282,10.9117491,11.22690326,11.66023183,7.169272065,8.707019965,11.87032743,12.49441784,12.8145615,13.17240634,4.44166977,4.705256348,6.632509938,4.537450161,4.779646113,7.165508396,40.38341672,147.212135,8,9.1,34.3,32,2.9,9.8,3.9,20.3,51.4,4,4,42.125
39095.0025,12.12926829,39095,41.66579,-83.47611,"Ohio","Lucas","Toledo",11.18403326,43605,18251430,28346,30.13375224,29.08201305,29.85237131,21.49011843,16.0404544,882810658,441815,7.399140829,10.26259055,11.46403888,12.40212012,13.17270039,6.214608098,7.60090246,11.21878262,12.61059979,13.43452702,14.26760249,7.506756049,7.522130353,8.047888974,7.795568806,7.818158791,8.427747793,500.4640531,1553.083786,7,18.9,41.5,21.1,6.1,4.3,1.2,36.2,67.4,3,3,58
6037.1103,16.11581769,6037,34.06659,-118.22688,"California","Los Angeles","Los Angeles",9.951742847,90012,8375660,31103,59.22404844,58.07785467,49.62695866,57.6046721,49.62934438,10509869649,9818605,6.826561396,12.04928974,12.97462963,13.51476464,14.35571798,6.214608098,8.628479639,12.35611639,13.2389754,13.8541196,14.81518073,6.798483128,6.893324493,7.475490234,7.258214813,7.333982887,7.813834018,934.2270959,3713.498399,21.9,18.8,21.5,12.6,4.8,13.1,7.4,33.7,62.2,1,1,71.8
26005.0003,9.644347826,26005,42.767786,-86.148577,"Michigan","Allegan","Holland",6.707858884,49423,201007334,44977,4.649653979,4.740051903,6.358359053,7.712801962,6.412654984,2137337922,111408,5.460534409,10.9136978,11.4915447,11.8153708,12.24429388,8.197049717,9.249573372,10.98225058,11.96614022,12.41416209,13.04717692,4.164755307,4.210315843,5.345447968,4.464299481,4.508908921,5.856434776,52.12465416,223.7580048,5.8,8.5,29.6,20.3,5.6,18.2,12,9.7,43.9,2,3,45.5
45045.0008,12.56393939,45045,34.838814,-82.402918,"South Carolina","Greenville","Greenville",8.054434495,29605,66249223,34414,29.3650519,29.68793253,25.11803309,18.5813279,13.68419688,2033451179,451225,3.813892468,10.34818672,11.54278198,12.298405,12.60128473,8.561907002,9.686328653,12.12070413,13.05679501,13.57939648,14.37427292,1.98393343,3.618794491,4.410935695,2.82086468,4.155964682,4.941969298,221.9010737,519.4626962,8.8,15.6,25.5,15.8,4.8,17.3,12.3,23.6,49.9,3,3,32.16666667
29099.0019,11.43216783,29099,38.448633,-90.39854,"Missouri","Jefferson","Arnold",12.08051091,63010,56342909,35439,20.69550173,16.89273356,14.39354226,14.60573693,12.55989298,1700660922,218733,6.052299291,10.04176164,11.12081888,12.15598997,13.19998227,7.092770187,8.633832157,11.26889485,12.40383838,13.20517803,14.05558721,6.16683036,6.214008138,6.663417739,6.704205387,6.770577815,7.336202056,128.6164674,628.9877578,3.6,7.9,31.2,27.4,11.1,13.1,5.8,5.4,42.7,2,2,62.63636364
41039.2013,13.12087912,41039,43.744352,-122.480487,"Oregon","Lane","Oakridge",2.95394266,97463,110245579,3877,11.01038062,8.499783737,1.582247321,0.47126166,0.246623557,11792524334,351715,5.648288074,8.532806512,9.218177504,9.621037053,10.12977333,8.083197582,8.977022486,10.64391083,11.27213722,11.65899081,12.16346566,0.017762292,0.017762292,0.017762292,0.129143769,0.129143769,0.129143769,29.82525115,35.16694307,1.9,9.2,30.7,19.6,7.5,17.7,13.4,16.4,41.8,3,3,30.28571429
4023.0004,14.11382114,4023,31.337204,-110.936718,"Arizona","Santa Cruz","Nogales",6.093248214,85621,731039985,23054,2.230103806,10.78352076,23.90001883,35.07206841,42.18863965,3203598541,47420,5.595586099,10.0600283,10.57352039,10.92017142,11.3706744,7.606776483,9.020879449,11.45193583,11.71412208,11.91723452,12.26789111,0.737080211,0.871627972,0.871627972,0.737080211,1.480976846,1.480976846,14.80210438,31.53589472,21.3,16.7,31.8,16.4,3.6,7.7,2.4,28.6,69.8,5,5,16.33333333
39049.0025,12.44166667,39049,39.92845,-82.98104,"Ohio","Franklin","Columbus",12.86931892,43207,60393119,45144,42.62716263,45.75497405,34.80759439,34.12072633,28.19895908,1378361040,1163414,5.803573918,11.30934098,12.6420395,13.16178446,13.61297885,8.377937302,9.444862514,12.11031922,13.4143067,13.93081752,14.56396152,5.889034298,6.233488023,6.322110628,6.052042439,6.427906284,6.525182383,844.0560682,747.5023769,3.7,11.6,28.7,19.1,3.5,21.4,12,24.1,44,1,1,60.09090909
45079.1001,11.84833333,45079,34.131262,-80.868318,"South Carolina","Richland","Not in a city",8.124356576,29229,53138241,44229,40.92733564,28.84904844,18.16263628,10.53631539,7.589015372,1960797690,384504,6.458826784,9.337280148,10.81890517,11.33514123,12.13594892,6.214608098,8.440517692,10.50138881,12.07439922,12.75052695,13.86887024,0.552700244,1.736667104,5.41629268,0.555986035,1.767343294,5.652439887,196.0957023,832.3384284,0.7,3.7,15.1,26.5,12,26,16,4.7,19.5,3,3,40.75
12033.0004,9.639189189,12033,30.525367,-87.20355,"Florida","Escambia","Ferry Pass",7.523407184,32514,50537722,37399,9.612456747,10.77724913,11.22837022,10.72542736,9.441390357,1700226567,297619,5.11315148,10.29083411,11.54718969,11.97978441,12.30469236,8.901616126,9.934145203,11.79634607,13.06462126,13.74755279,14.23628538,7.140080921,7.705131721,7.804751474,7.480589818,7.98911435,8.075431486,175.0466707,740.0214834,4,6.2,24.3,23.3,11.2,20.3,10.7,10.3,34.5,3,3,41.25
36005.008,13.52241379,36005,40.83606,-73.92009,"New York","Bronx","New York",11.61937224,10452,2550148,75371,64.91522491,59.4141436,46.54104066,39.38660063,38.18968727,109028908,1385108,6.68120274,11.32685071,12.30627942,13.12766113,13.81190794,6.214608098,9.038790369,11.83365327,12.97116004,13.73218702,14.61610828,6.717144509,6.912861672,8.191967328,6.804309033,7.025108638,8.238729776,12704.04359,29555.53952,21.3,17.4,29.2,17.5,5.8,6.1,2.8,33.9,67.9,1,1,67.8
51069.001,12.06333333,51069,39.28102,-78.08157,"Virginia","Frederick","Not in a city",8.590233047,22624,49949933,2565,3.649653979,3.101427336,2.070071124,2.567035568,3.363261355,1070949703,78305,5.621719318,10.0121148,10.69250474,11.07180899,11.56200878,7.653885117,9.0561757,10.59660293,11.61000591,12.86013662,13.95556785,2.502148747,3.447916511,5.840762459,3.62097954,4.324957151,6.713401994,73.11734602,51.35142023,5.2,8.3,36,15.9,11.7,11.8,11.1,2.7,49.5,4,4,35.5
6079.2006,7.609090909,6079,35.256577,-120.669861,"California","San Luis Obispo","San Luis Obispo",4.056169985,93401,181154941,28033,42.22318339,26.85380623,9.476219449,3.865110863,2.548226248,8543248461,269637,6.514229498,8.517193191,9.210340372,9.61580548,10.1266311,6.214608098,9.516442205,11.54387873,12.31896372,12.76993967,13.45001907,2.268941542,2.27314911,3.459168435,2.686487433,2.690470447,3.881140561,31.56141381,154.7459862,9.875,7.25,17.25,15.925,5.5,28.375,15.8,7.95,34.375,3,3,23.58333333
6061.0006,11.19206349,6061,38.745726,-121.266312,"California","Placer","Roseville",8.814367987,95678,28131203,41192,31.68252595,31.29583238,35.00605858,23.38050197,17.90925927,3644136017,348432,7.018836318,10.28884504,11.042731,11.3972579,12.19710258,6.214608098,7.60090246,10.28884504,11.042731,11.63629587,12.99864231,4.023004386,4.202483948,5.308064799,4.206703643,4.387253924,5.776197518,95.61443326,1464.281496,2.5,4.3,17.8,26.1,13.2,23.4,12.6,5.9,24.6,2,2,65.09090909
19113.004,10.76906907,19113,41.97677,-91.68766,"Iowa","Linn","Cedar Rapids",7.459158074,52405,37805569,23621,32.31747405,31.24091696,25.78590631,15.86914335,8.893101333,1856710588,211226,5.676029829,10.17257932,11.02119586,11.50570613,12.17343983,7.644472487,9.002491661,11.20417174,12.60575252,13.14422305,13.65555537,6.464133132,6.488503297,6.488504567,6.861026414,6.880158416,6.880165021,113.7635566,624.802129,3.8,15.5,33.1,23.2,4.5,12.8,7,46.3,52.4,3,4,47.11111111
1103.0011,11.37372881,1103,34.518735,-86.976939,"Alabama","Morgan","Decatur",8.821747755,35603,182234536,30545,0,1.031019862,3.15979333,5.513897468,4.180120095,1500476319,119490,6.689449032,8.517193191,10.69983947,11.33555554,12.16392121,6.214608098,8.961700434,11.05043095,12.25589681,13.0823043,13.65843442,0.416754052,5.831029853,6.89052703,0.459111607,6.026891829,7.085675807,79.63471232,167.6136734,4.8,7.8,28.7,25,7.5,18.2,8,8.3,41.3,4,4,40.90909091
34023.0006,10.85892857,34023,40.472825,-74.422403,"New Jersey","Middlesex","North Brunswick Township",9.134249026,8901,16391704,55223,11.32612457,13.01492215,27.13835482,22.81183321,21.19156524,800083087,809858,5.452407715,10.08729946,11.02779689,11.6029397,12.66896481,7.227043529,8.487080397,11.47039754,12.18525907,12.96165777,13.96073301,5.590710246,5.730012044,7.137741194,5.79024929,5.910393433,7.25494641,1012.217372,3368.960298,22,11.3,31.8,11.2,3.3,12.5,7.8,15.8,65.1,2,2,51.63636364
28059.0006,10.113,28059,30.378287,-88.53393,"Mississippi","Jackson","Pascagoula",8.314435207,39567,34441843,10740,40.23702422,33.92668685,17.05670025,6.35554121,3.705566259,1871923538,139668,5.530518626,8.517193191,10.41713806,11.0884237,11.66396217,8.570235947,9.549851264,11.02611085,11.83356733,12.2606497,12.94598814,6.560441112,6.560441112,6.662343753,6.719666965,6.719666965,6.900907984,74.61202189,311.8300028,3.3,10.9,30,23.2,10.1,12.8,9.7,14.2,44.2,3,4,29.22222222
55079.001,12.78278689,55079,43.016667,-87.933333,"Wisconsin","Milwaukee","Milwaukee",8.759594224,53204,8503810,42355,52.57785467,51.43317474,43.62347852,35.26557361,25.59460228,625228895,947735,6.719047004,11.28314865,12.17929006,12.53627677,12.98223051,6.214608098,8.349299594,12.0893332,13.02327824,13.46402308,14.18250843,5.169819125,5.281185904,5.642572049,5.983338378,6.158384273,6.661293091,1515.820858,4980.708647,27.6,20.9,28.1,13.4,2.6,5.8,1.6,39.3,76.6,1,1,89.57142857
17161.3002,10.68245614,17161,41.514727,-90.51735,"Illinois","Rock Island","Rock Island Arsenal (U.S. Army)",8.892742611,61265,49105652,45099,36.80709343,42.84775087,30.97604169,25.09030157,14.5115779,1107573369,147546,5.24329031,10.47794757,11.44098698,12.18174096,12.67704828,7.744204239,9.294189557,11.62861581,12.75694735,13.3087249,13.84210473,6.034179385,6.346838958,6.51739108,6.407613062,6.643778455,6.840951906,133.215554,918.4075185,4.2,8.5,30.6,21.8,8.4,16.3,10.1,8.3,43.3,3,3,45.125
42069.2006,10.0773639,42069,41.442778,-75.623056,"Pennsylvania","Lackawanna","Scranton",6.267811383,18519,6236104,5104,23.43744374,26.94301,21.67354768,11.89013597,7.049238997,1189006298,214437,6.906395532,10.42786073,11.87326875,12.28403746,12.71930212,6.214608098,7.60090246,12.12145433,13.1855472,13.68557104,14.31309815,5.601264792,5.61255101,5.694359333,5.625260279,5.637569749,5.790724135,180.3497596,818.4597306,3.4,6.8,43.3,18.4,11.5,13.2,3.5,5.8,53.5,3,3,27.5
6001.0009,9.539583333,6001,37.743065,-122.169935,"California","Alameda","Oakland",13.90087017,94603,8445735,31403,49.34688581,49.79606401,39.93162207,23.69399517,19.74060944,1914046110,1510271,4.856155839,10.78611612,11.6734592,12.30527348,13.23955296,8.129490283,8.978754239,11.44208615,12.15069141,12.70383047,13.52765063,5.506863274,5.638778321,6.201678968,5.778316262,5.913013832,6.430428556,789.0462994,3718.208066,22.5,15,28.8,19.9,4.5,7.7,1.7,22.5,66.3,1,1,76.55555556
26101.0922,7.611711712,26101,44.307,-86.242649,"Michigan","Manistee","Manistee",4.955158539,49660,483625840,14066,0.227508651,0.378460208,0.87242226,0.977348974,1.397131223,1404159906,24733,7.894940591,8.517193191,9.210340372,9.61580548,10.1266311,6.214608098,7.60090246,10.30042416,11.54243608,12.04978299,12.55873164,1.562163146,4.841671664,5.036049797,1.647540546,5.355546287,5.547112625,17.61409074,29.08446745,4.8,5.9,30.4,23,7.2,15.6,13.1,3.6,41.1,6,6,39.25
12071.0005,7.023333333,12071,26.602016,-81.877908,"Florida","Lee","Fort Myers",7.480289059,33901,16603870,19500,17.24048443,22.64100346,21.41898882,21.7182704,18.22391776,2031879249,618754,6.332770008,8.517193191,10.91993432,11.82047854,12.47145325,6.214608098,9.426579598,11.67127667,13.00902661,13.62242646,14.11390056,0.549348707,6.023568666,6.024664538,1.786127705,6.044155906,6.047758931,304.5230175,1174.424999,6.9,9.6,31.7,19.7,7.4,15.9,8.9,11.5,48.2,3,3,33.625
22033.1001,9.66,22033,30.593978,-91.251943,"Louisiana","East Baton Rouge","Not in a city",14.00675104,70807,66042672,20377,0,0.036115917,1.969522034,5.121654305,6.50714862,1179412087,440171,7.928562632,8.517193191,9.500308923,10.8075201,11.61098701,6.214608098,7.60090246,10.18425776,12.66660112,13.55238114,14.36943353,7.447663061,8.564736581,8.797821373,7.530725589,8.616443178,9.019776226,373.2122172,308.5429372,9.2,22.5,30.1,19.6,2.8,10.4,5.4,33.2,61.8,3,3,40
30089.0007,7.191964286,30089,47.594395,-115.323746,"Montana","Sanders","Thompson Falls",2.695436666,59873,1959419268,3085,0,0.002811419,1.055855355,0.547772397,0.314792563,7149723773,11413,8.176878663,8.517193191,9.210340372,9.61580548,10.1266311,6.214608098,7.60090246,9.743786469,10.60266012,10.92731131,11.36142303,0.054233174,0.054233174,1.329276955,0.356763813,0.356763813,1.450004826,1.596285446,1.574446087,4.6,8.4,43,22.6,6,12.2,3.3,12.4,56,6,6,22.5
37067.0022,12.03146417,37067,36.110556,-80.226667,"North Carolina","Forsyth","Winston-Salem",8.209286643,27101,33046567,18901,32.29844291,28.88300173,22.44416543,14.57659307,10.24930754,1057097245,350670,5.839322033,11.54655933,12.29206419,12.58232662,12.82392846,8.289260463,10.34597958,12.28240497,13.21413372,13.60306078,14.10890901,4.311817765,4.479240266,5.329114279,4.43114646,4.596007658,5.418195753,331.7291779,571.9504843,6.325,17,41.875,16.475,6.25,9.8,2.25,7.575,65.2,3,3,33.75
17113.2003,10.7626087,17113,40.518735,-88.996896,"Illinois","McLean","Normal",9.783419321,61761,110251111,52879,42.52941176,39.56466263,31.63473054,15.39401939,7.865840643,3064933852,169572,5.494042103,11.16489399,12.00613769,12.35253743,12.76240171,7.987263785,8.978782334,12.13436783,12.93264397,13.24690306,13.8020039,4.548829632,4.575901232,4.694123678,4.71134165,4.75237586,4.938732948,55.32647952,479.6232847,1.6,3.9,22.5,20.1,5.6,31,15.3,9.7,28,4,4,37.08333333
4001.1235,3.023809524,4001,35.881974,-109.434003,"Arizona","Apache","Fort Defiance",4.523397768,86540,627281564,1088,0.073529412,0.14532872,0.665920349,0.414888714,0.334425273,29001443825,71518,9.614076619,8.517193191,9.210340372,9.61580548,10.1266311,6.214608098,7.60090246,8.517193191,9.210340372,9.658219943,11.73220034,0,0,0,0,0,0,2.466015155,1.734468319,29.4,12.2,37.5,18.4,1.4,1.1,0,44.8,79.1,6,6,13.9
